Model Name,Model,Accuracy,AUC,Recall,Prec.,F1,Kappa,MCC
Logistic Regression,"Pipeline(memory=Memory(location=None),
         steps=[('label_encoding',
                 TransformerWrapperWithInverse(exclude=None, include=None,
                                               transformer=LabelEncoder())),
                ('numerical_imputer',
                 TransformerWrapper(exclude=None,
                                    include=['age', 'balance', 'day',
                                             'duration', 'campaign', 'pdays',
                                             'previous'],
                                    transformer=SimpleImputer(add_indicator=False,
                                                              copy=True,
                                                              fill_value=None,
                                                              keep...
                                                              handle_missing='return_nan',
                                                              handle_unknown='value',
                                                              return_df=True,
                                                              use_cat_names=True,
                                                              verbose=0))),
                ['trained_model',
                 LogisticRegression(C=1.0, class_weight=None, dual=False,
                                    fit_intercept=True, intercept_scaling=1,
                                    l1_ratio=None, max_iter=1000,
                                    multi_class='auto', n_jobs=None,
                                    penalty='l2', random_state=42,
                                    solver='lbfgs', tol=0.0001, verbose=0,
                                    warm_start=False)]],
         verbose=False)",0.8179,0.8975,0.8179,0.818,0.8176,0.6341,0.6345
